{"options":{"check_for_updates":true,"comment":null,"compat_foreach":false,"compat_metadata":false,"compat_prototypes":false,"compat_wrappedjsobject":false,"compatopts_for_requires":true,"noframes":null,"override":{"merge_connects":true,"merge_excludes":true,"merge_includes":true,"merge_matches":true,"orig_connects":["app.bilibili.com","api.bilibili.com","passport.bilibili.com","link.acg.tv","www.mcbbs.net"],"orig_excludes":[],"orig_includes":["https://www.mcbbs.net/template/mcbbs/image/special_photo_bg.png?*"],"orig_matches":["*://www.bilibili.com/*"],"orig_noframes":null,"orig_run_at":"document-idle","use_blockers":[],"use_connects":[],"use_excludes":[],"use_includes":[],"use_matches":[]},"run_at":null},"settings":{"enabled":false,"position":35},"meta":{"name":"bilibili网页端添加APP首页推荐","uuid":"732ea558-0285-4a12-a712-1ad9ed37eee6","modified":1639130051584,"file_url":"https://greasyfork.org/scripts/368446-bilibili%E7%BD%91%E9%A1%B5%E7%AB%AF%E6%B7%BB%E5%8A%A0app%E9%A6%96%E9%A1%B5%E6%8E%A8%E8%8D%90/code/bilibili%E7%BD%91%E9%A1%B5%E7%AB%AF%E6%B7%BB%E5%8A%A0APP%E9%A6%96%E9%A1%B5%E6%8E%A8%E8%8D%90.user.js"}}