{"data":{"autoFreshCount":"n2","biliAppHomeKey":"s205bf431319a4579df44c08640e82b51","boxHeight":"n2","historyLimit":"n20","historyRecommend":"s[{\"title\":\"《第一炉香》：舔狗是没有好下场的！\",\"cover\":\"https://i2.hdslb.com/bfs/archive/ec3dd1dbad97a2a56f04ff877dc792f8165d2834.jpg\",\"uri\":\"bilibili://video/548784441\",\"param\":\"548784441\",\"goto\":\"av\",\"desc\":\"2867弹幕\",\"play\":393287,\"danmaku\":2867,\"reply\":2383,\"favorite\":2859,\"coin\":8266,\"share\":1117,\"like\":47556,\"duration\":589,\"idx\":1635569344,\"cid\":433089321,\"tid\":182,\"tname\":\"影视杂谈\",\"tag\":{\"tag_id\":792,\"tag_name\":\"吐槽\",\"count\":{\"atten\":331665}},\"dislike_reasons\":[{\"reason_id\":4,\"reason_name\":\"UP主:路温1900\"},{\"reason_id\":2,\"reason_name\":\"分区:影视杂谈\"},{\"reason_id\":3,\"reason_name\":\"标签:吐槽\"},{\"reason_id\":1,\"reason_name\":\"不感兴趣\"}],\"ctime\":1635548580,\"autoplay\":1,\"mid\":414336759,\"name\":\"路温1900\",\"face\":\"http://i0.hdslb.com/bfs/face/c87393e894b03864cfd5df4578e1178a212cb83d.jpg\",\"official\":{\"role\":1,\"title\":\"bilibili 知名影视UP主\"},\"autoplay_card\":2},{\"title\":\"高智商 高颜值的罪犯《妙警贼探》\",\"cover\":\"https://i2.hdslb.com/bfs/archive/99724eaf98009bf4cbc399fbb84a149ba5e88892.jpg\",\"uri\":\"bilibili://video/891168803\",\"param\":\"891168803\",\"goto\":\"av\",\"desc\":\"737弹幕\",\"play\":2063347,\"danmaku\":737,\"reply\":473,\"favorite\":16525,\"coin\":898,\"share\":324,\"like\":125763,\"duration\":367,\"idx\":1635569343,\"cid\":429502302,\"tid\":182,\"tname\":\"影视杂谈\",\"tag\":{\"tag_id\":111377,\"tag_name\":\"影评\",\"count\":{\"atten\":943931}},\"dislike_reasons\":[{\"reason_id\":4,\"reason_name\":\"UP主:军师电影解说\"},{\"reason_id\":2,\"reason_name\":\"分区:影视杂谈\"},{\"reason_id\":3,\"reason_name\":\"标签:影评\"},{\"reason_id\":1,\"reason_name\":\"不感兴趣\"}],\"ctime\":1634967230,\"autoplay\":1,\"mid\":522159107,\"name\":\"军师电影解说\",\"face\":\"http://i2.hdslb.com/bfs/face/e2165b5a0d4a20279dc754eec4dfc4c7a2042ec6.jpg\"},{\"title\":\"学校里的大橘睡午觉时能吸引多少人？\",\"cover\":\"https://i0.hdslb.com/bfs/archive/9a65ce8dae282277dd0f3c409427564aa0a1da1c.jpg\",\"uri\":\"bilibili://video/763781174\",\"param\":\"763781174\",\"goto\":\"av\",\"desc\":\"1973弹幕\",\"play\":939481,\"danmaku\":1973,\"reply\":1738,\"favorite\":4577,\"coin\":1748,\"share\":960,\"like\":40510,\"duration\":599,\"idx\":1635569342,\"cid\":431239886,\"tid\":218,\"tname\":\"喵星人\",\"tag\":{\"tag_id\":6943,\"tag_name\":\"萌宠\",\"count\":{\"atten\":512442}},\"dislike_reasons\":[{\"reason_id\":4,\"reason_name\":\"UP主:异之於\"},{\"reason_id\":2,\"reason_name\":\"分区:喵星人\"},{\"reason_id\":3,\"reason_name\":\"标签:萌宠\"},{\"reason_id\":1,\"reason_name\":\"不感兴趣\"}],\"ctime\":1635236909,\"autoplay\":1,\"mid\":23245135,\"name\":\"异之於\",\"face\":\"http://i1.hdslb.com/bfs/face/70e0d314ab34bd36bdf40e41251d118a09eb23ad.jpg\"},{\"title\":\"海底捞员工说要给我拿个盆吃！！！不私藏了。      隐藏系列安排。\",\"cover\":\"https://i1.hdslb.com/bfs/archive/2ca0a3fb25a61a97899197e05db11a7c739d3884.jpg\",\"uri\":\"bilibili://video/848788639\",\"param\":\"848788639\",\"goto\":\"av\",\"desc\":\"864弹幕\",\"play\":2070427,\"danmaku\":864,\"reply\":1887,\"favorite\":65549,\"coin\":7454,\"share\":19069,\"like\":96269,\"duration\":89,\"idx\":1635569341,\"cid\":429803540,\"tid\":76,\"tname\":\"美食制作\",\"tag\":{\"tag_id\":20215,\"tag_name\":\"美食\",\"count\":{\"atten\":2008786}},\"dislike_reasons\":[{\"reason_id\":4,\"reason_name\":\"UP主:少女爱丽丝-\"},{\"reason_id\":2,\"reason_name\":\"分区:美食制作\"},{\"reason_id\":3,\"reason_name\":\"标签:美食\"},{\"reason_id\":1,\"reason_name\":\"不感兴趣\"}],\"ctime\":1634996864,\"autoplay\":1,\"mid\":41030246,\"name\":\"少女爱丽丝-\",\"face\":\"http://i2.hdslb.com/bfs/face/72d8301420ab1a3ab3da2cc0369abc8de9697a31.jpg\",\"official\":{\"role\":2,\"title\":\"少女爱丽丝官方账号\"}},{\"title\":\"怪兽...已经...无所谓了...《最 骚 营 销 号 23》\",\"cover\":\"https://i0.hdslb.com/bfs/archive/e108f9f6c9c33e2313c5853fc3141a9de2048d48.png\",\"uri\":\"bilibili://video/293785082\",\"param\":\"293785082\",\"goto\":\"av\",\"desc\":\"6400弹幕\",\"play\":1142187,\"danmaku\":6400,\"reply\":1443,\"favorite\":11627,\"coin\":16755,\"share\":929,\"like\":114830,\"duration\":619,\"idx\":1635569340,\"cid\":429722163,\"tid\":138,\"tname\":\"搞笑\",\"tag\":{\"tag_id\":2504,\"tag_name\":\"美女\",\"count\":{\"atten\":121278}},\"dislike_reasons\":[{\"reason_id\":4,\"reason_name\":\"UP主:NBzhuoc大\"},{\"reason_id\":2,\"reason_name\":\"分区:搞笑\"},{\"reason_id\":3,\"reason_name\":\"标签:美女\"},{\"reason_id\":1,\"reason_name\":\"不感兴趣\"}],\"ctime\":1635045933,\"autoplay\":1,\"mid\":152389373,\"name\":\"NBzhuoc大\",\"face\":\"http://i2.hdslb.com/bfs/face/2f1715731c2e53ef0d8e0d9473fcf4fb10159a34.jpg\",\"official\":{\"role\":1,\"title\":\"bilibili 知名游戏UP主\"}},{\"title\":\"非常重要！买198必看！各种感谢庆典后的干货资讯不容错过！\",\"cover\":\"https://i1.hdslb.com/bfs/archive/2df52c5d0a1711a5f47ad718edc6b04f9048408b.jpg\",\"uri\":\"bilibili://video/676287975\",\"param\":\"676287975\",\"goto\":\"av\",\"desc\":\"3229弹幕\",\"play\":169167,\"danmaku\":3229,\"reply\":1610,\"favorite\":1842,\"coin\":4934,\"share\":555,\"like\":17602,\"duration\":837,\"idx\":1635569339,\"cid\":432900456,\"tid\":172,\"tname\":\"手机游戏\",\"tag\":{\"tag_id\":4610466,\"tag_name\":\"明日方舟\",\"count\":{\"atten\":388773}},\"dislike_reasons\":[{\"reason_id\":4,\"reason_name\":\"UP主:ko-no-肉肉哒\"},{\"reason_id\":2,\"reason_name\":\"分区:手机游戏\"},{\"reason_id\":3,\"reason_name\":\"标签:明日方舟\"},{\"reason_id\":1,\"reason_name\":\"不感兴趣\"}],\"ctime\":1635505304,\"autoplay\":1,\"mid\":94238868,\"name\":\"ko-no-肉肉哒\",\"face\":\"http://i0.hdslb.com/bfs/face/a9157ee4e64ff1d9571e326ec6942bca4e436740.jpg\",\"official\":{\"role\":1,\"title\":\"bilibili 知名游戏UP主\"}},{\"title\":\"【耶鲁大学】知名公开课：哲学——死亡 |  教授带你\",\"cover\":\"https://i2.hdslb.com/bfs/archive/595f6361c0f00749a79275585ccf29936c8aa519.jpg\",\"uri\":\"bilibili://video/421331895\",\"param\":\"421331895\",\"goto\":\"av\",\"desc\":\"1995弹幕\",\"play\":1487858,\"danmaku\":1995,\"reply\":2672,\"favorite\":178367,\"coin\":25264,\"share\":6326,\"like\":64608,\"duration\":74700,\"idx\":1635569338,\"cid\":430043964,\"tid\":208,\"tname\":\"校园学习\",\"tag\":{\"tag_id\":2739,\"tag_name\":\"演讲\",\"count\":{\"atten\":467482}},\"dislike_reasons\":[{\"reason_id\":4,\"reason_name\":\"UP主:YouTube英语学习\"},{\"reason_id\":2,\"reason_name\":\"分区:校园学习\"},{\"reason_id\":3,\"reason_name\":\"标签:演讲\"},{\"reason_id\":1,\"reason_name\":\"不感兴趣\"}],\"ctime\":1635062408,\"autoplay\":1,\"mid\":433406580,\"name\":\"YouTube英语学习\",\"face\":\"http://i0.hdslb.com/bfs/face/ffe10c0814efc4bcea666301c6d93d25994d99da.jpg\"},{\"title\":\"唢呐 曾经我也想过一了百了 / 僕が死のうと思ったのは\",\"cover\":\"https://i1.hdslb.com/bfs/archive/932eef77ad838471b1455b86957d1d2337fcbd99.jpg\",\"uri\":\"bilibili://video/591372745\",\"param\":\"591372745\",\"goto\":\"av\",\"desc\":\"1707弹幕\",\"play\":542442,\"danmaku\":1707,\"reply\":2143,\"favorite\":13737,\"coin\":24913,\"share\":9620,\"like\":35435,\"duration\":253,\"idx\":1635569337,\"cid\":430394904,\"tid\":59,\"tname\":\"演奏\",\"tag\":{\"tag_id\":373,\"tag_name\":\"演奏\",\"count\":{\"atten\":157460}},\"dislike_reasons\":[{\"reason_id\":4,\"reason_name\":\"UP主:瓢三爷的小喇叭\"},{\"reason_id\":2,\"reason_name\":\"分区:演奏\"},{\"reason_id\":3,\"reason_name\":\"标签:演奏\"},{\"reason_id\":1,\"reason_name\":\"不感兴趣\"}],\"ctime\":1635152400,\"autoplay\":1,\"mid\":47739844,\"name\":\"瓢三爷的小喇叭\",\"face\":\"http://i1.hdslb.com/bfs/face/d3de9493b0671f2998b938bde131e302af3be489.jpg\",\"official\":{\"role\":1,\"title\":\"音乐领域优质UP主\",\"desc\":\"全民音乐UP主年度30强\"}},{\"title\":\"“头号玩家行为大赏！”\",\"cover\":\"https://i2.hdslb.com/bfs/archive/c56b278f17ad42d05a57c27b91025cd9925ee9a1.jpg\",\"uri\":\"bilibili://video/251146903\",\"param\":\"251146903\",\"goto\":\"av\",\"desc\":\"286弹幕\",\"play\":367105,\"danmaku\":286,\"reply\":120,\"favorite\":4290,\"coin\":753,\"share\":157,\"like\":30606,\"duration\":212,\"idx\":1635569336,\"cid\":429563150,\"tid\":138,\"tname\":\"搞笑\",\"tag\":{\"tag_id\":1833,\"tag_name\":\"搞笑\",\"count\":{\"atten\":2624413}},\"dislike_reasons\":[{\"reason_id\":4,\"reason_name\":\"UP主:小花MEMES\"},{\"reason_id\":2,\"reason_name\":\"分区:搞笑\"},{\"reason_id\":3,\"reason_name\":\"标签:搞笑\"},{\"reason_id\":1,\"reason_name\":\"不感兴趣\"}],\"ctime\":1634972510,\"autoplay\":1,\"mid\":275203073,\"name\":\"小花MEMES\",\"face\":\"http://i2.hdslb.com/bfs/face/7fd03c61659964433b8e7756423e03ac87bcae73.jpg\",\"official\":{\"role\":1,\"title\":\"bilibili 知名搞笑UP主\"}},{\"title\":\"这……这也太可爱了吧！\",\"cover\":\"https://i1.hdslb.com/bfs/archive/6451da3a26620db969910ae69befbfb7ea567a72.jpg\",\"uri\":\"bilibili://video/208865325\",\"param\":\"208865325\",\"goto\":\"av\",\"desc\":\"315弹幕\",\"play\":412048,\"danmaku\":315,\"reply\":179,\"favorite\":9601,\"coin\":2257,\"share\":6028,\"like\":27768,\"duration\":160,\"idx\":1635569335,\"cid\":432316089,\"tid\":219,\"tname\":\"汪星人\",\"tag\":{\"tag_id\":6943,\"tag_name\":\"萌宠\",\"count\":{\"atten\":512442}},\"dislike_reasons\":[{\"reason_id\":4,\"reason_name\":\"UP主:呆头鹅e子\"},{\"reason_id\":2,\"reason_name\":\"分区:汪星人\"},{\"reason_id\":3,\"reason_name\":\"标签:萌宠\"},{\"reason_id\":1,\"reason_name\":\"不感兴趣\"}],\"ctime\":1635414946,\"autoplay\":1,\"mid\":2058608221,\"name\":\"呆头鹅e子\",\"face\":\"http://i1.hdslb.com/bfs/face/2845fe22172fa153435d678ea7f2d593e60c6759.jpg\"},{\"title\":\"《反宠精婴》\",\"cover\":\"https://i1.hdslb.com/bfs/archive/9258be7c457c6b2dc392dd073ae235397fd4189e.jpg\",\"uri\":\"bilibili://video/548841230\",\"param\":\"548841230\",\"goto\":\"av\",\"desc\":\"612弹幕\",\"play\":737464,\"danmaku\":612,\"reply\":833,\"favorite\":6334,\"coin\":3094,\"share\":3764,\"like\":55523,\"duration\":132,\"idx\":1635569344,\"cid\":431369226,\"tid\":75,\"tname\":\"动物综合\",\"tag\":{\"tag_id\":1833,\"tag_name\":\"搞笑\",\"count\":{\"atten\":2624413}},\"dislike_reasons\":[{\"reason_id\":4,\"reason_name\":\"UP主:龙馍馍\"},{\"reason_id\":2,\"reason_name\":\"分区:动物综合\"},{\"reason_id\":3,\"reason_name\":\"标签:搞笑\"},{\"reason_id\":1,\"reason_name\":\"不感兴趣\"}],\"ctime\":1635291016,\"autoplay\":1,\"mid\":11164088,\"name\":\"龙馍馍\",\"face\":\"http://i2.hdslb.com/bfs/face/1a3ac52acedf6c8ed489be4f1acd17e122ba825b.jpg\",\"official\":{\"role\":1,\"title\":\"bilibili 知名萌宠UP主\"},\"autoplay_card\":2},{\"title\":\"怪兽...已经...无所谓了...《最 骚 营 销 号 23》\",\"cover\":\"https://i0.hdslb.com/bfs/archive/e108f9f6c9c33e2313c5853fc3141a9de2048d48.png\",\"uri\":\"bilibili://video/293785082\",\"param\":\"293785082\",\"goto\":\"av\",\"desc\":\"6400弹幕\",\"play\":1142187,\"danmaku\":6400,\"reply\":1443,\"favorite\":11627,\"coin\":16755,\"share\":929,\"like\":114830,\"duration\":619,\"idx\":1635569343,\"cid\":429722163,\"tid\":138,\"tname\":\"搞笑\",\"tag\":{\"tag_id\":2504,\"tag_name\":\"美女\",\"count\":{\"atten\":121278}},\"dislike_reasons\":[{\"reason_id\":4,\"reason_name\":\"UP主:NBzhuoc大\"},{\"reason_id\":2,\"reason_name\":\"分区:搞笑\"},{\"reason_id\":3,\"reason_name\":\"标签:美女\"},{\"reason_id\":1,\"reason_name\":\"不感兴趣\"}],\"ctime\":1635045933,\"autoplay\":1,\"mid\":152389373,\"name\":\"NBzhuoc大\",\"face\":\"http://i2.hdslb.com/bfs/face/2f1715731c2e53ef0d8e0d9473fcf4fb10159a34.jpg\",\"official\":{\"role\":1,\"title\":\"bilibili 知名游戏UP主\"}},{\"title\":\"你 焯 我 瓜 是 吧！\",\"cover\":\"https://i2.hdslb.com/bfs/archive/3da0aa61a114a68be22c30de55d3633c0c2e456f.jpg\",\"uri\":\"bilibili://video/848853590\",\"param\":\"848853590\",\"goto\":\"av\",\"desc\":\"473弹幕\",\"play\":690028,\"danmaku\":473,\"reply\":391,\"favorite\":8434,\"coin\":2869,\"share\":3740,\"like\":37108,\"duration\":64,\"idx\":1635569342,\"cid\":432137544,\"tid\":216,\"tname\":\"鬼畜剧场\",\"tag\":{\"tag_id\":68,\"tag_name\":\"鬼畜\",\"count\":{\"atten\":2254451}},\"dislike_reasons\":[{\"reason_id\":4,\"reason_name\":\"UP主:打不倒の西撒\"},{\"reason_id\":2,\"reason_name\":\"分区:鬼畜剧场\"},{\"reason_id\":3,\"reason_name\":\"标签:鬼畜\"},{\"reason_id\":1,\"reason_name\":\"不感兴趣\"}],\"ctime\":1635392767,\"autoplay\":1,\"mid\":31783129,\"name\":\"打不倒の西撒\",\"face\":\"http://i0.hdslb.com/bfs/face/e98a0fc61b6cf223cd994cde9aec7eee577bef29.jpg\"},{\"title\":\"S代表什么？\",\"cover\":\"https://i0.hdslb.com/bfs/archive/37d74299953503e016840b2eb6ca9be80cb323a2.jpg\",\"uri\":\"bilibili://video/718794043\",\"param\":\"718794043\",\"goto\":\"av\",\"desc\":\"132弹幕\",\"play\":139719,\"danmaku\":132,\"reply\":415,\"favorite\":3873,\"coin\":8128,\"share\":2527,\"like\":13202,\"duration\":93,\"idx\":1635569341,\"cid\":432704402,\"tid\":171,\"tname\":\"电子竞技\",\"tag\":{\"tag_id\":62526,\"tag_name\":\"电子竞技\",\"count\":{\"atten\":113019}},\"dislike_reasons\":[{\"reason_id\":4,\"reason_name\":\"UP主:久子鸽\"},{\"reason_id\":2,\"reason_name\":\"分区:电子竞技\"},{\"reason_id\":3,\"reason_name\":\"标签:电子竞技\"},{\"reason_id\":1,\"reason_name\":\"不感兴趣\"}],\"ctime\":1635485623,\"autoplay\":1,\"mid\":378762509,\"name\":\"久子鸽\",\"face\":\"http://i2.hdslb.com/bfs/face/86578747eaf925235e3216626502aa21537fdc5e.jpg\"},{\"title\":\"《第一炉香》：舔狗是没有好下场的！\",\"cover\":\"https://i2.hdslb.com/bfs/archive/ec3dd1dbad97a2a56f04ff877dc792f8165d2834.jpg\",\"uri\":\"bilibili://video/548784441\",\"param\":\"548784441\",\"goto\":\"av\",\"desc\":\"2867弹幕\",\"play\":393287,\"danmaku\":2867,\"reply\":2383,\"favorite\":2859,\"coin\":8266,\"share\":1117,\"like\":47556,\"duration\":589,\"idx\":1635569340,\"cid\":433089321,\"tid\":182,\"tname\":\"影视杂谈\",\"tag\":{\"tag_id\":792,\"tag_name\":\"吐槽\",\"count\":{\"atten\":331665}},\"dislike_reasons\":[{\"reason_id\":4,\"reason_name\":\"UP主:路温1900\"},{\"reason_id\":2,\"reason_name\":\"分区:影视杂谈\"},{\"reason_id\":3,\"reason_name\":\"标签:吐槽\"},{\"reason_id\":1,\"reason_name\":\"不感兴趣\"}],\"ctime\":1635548580,\"autoplay\":1,\"mid\":414336759,\"name\":\"路温1900\",\"face\":\"http://i0.hdslb.com/bfs/face/c87393e894b03864cfd5df4578e1178a212cb83d.jpg\",\"official\":{\"role\":1,\"title\":\"bilibili 知名影视UP主\"}},{\"title\":\"芜湖钢琴师\",\"cover\":\"https://i1.hdslb.com/bfs/archive/dde0ec1d5029fd8195af794465a27d953ceef3c1.jpg\",\"uri\":\"bilibili://video/806257003\",\"param\":\"806257003\",\"goto\":\"av\",\"desc\":\"3641弹幕\",\"play\":2533518,\"danmaku\":3641,\"reply\":4656,\"favorite\":60894,\"coin\":101002,\"share\":51674,\"like\":192596,\"duration\":65,\"idx\":1635569339,\"cid\":430054194,\"tid\":22,\"tname\":\"鬼畜调教\",\"tag\":{\"tag_id\":68,\"tag_name\":\"鬼畜\",\"count\":{\"atten\":2254451}},\"dislike_reasons\":[{\"reason_id\":4,\"reason_name\":\"UP主:phlight\"},{\"reason_id\":2,\"reason_name\":\"分区:鬼畜调教\"},{\"reason_id\":3,\"reason_name\":\"标签:鬼畜\"},{\"reason_id\":1,\"reason_name\":\"不感兴趣\"}],\"ctime\":1635050501,\"autoplay\":1,\"mid\":597669242,\"name\":\"phlight\",\"face\":\"http://i2.hdslb.com/bfs/face/ea78a7320e49c0cb20e40f3f699516b78503e2a2.jpg\"},{\"title\":\"⚡️鱿鱼游戏 vs 程序员⚡️\",\"cover\":\"https://i2.hdslb.com/bfs/archive/e737b04c0f332d147a23684facf33310fb7cb12b.jpg\",\"uri\":\"bilibili://video/293797831\",\"param\":\"293797831\",\"goto\":\"av\",\"desc\":\"202弹幕\",\"play\":494002,\"danmaku\":202,\"reply\":145,\"favorite\":1149,\"coin\":894,\"share\":265,\"like\":12142,\"duration\":182,\"idx\":1635569338,\"cid\":431703352,\"tid\":31,\"tname\":\"翻唱\",\"tag\":{\"tag_id\":386,\"tag_name\":\"翻唱\",\"count\":{\"atten\":391530}},\"dislike_reasons\":[{\"reason_id\":4,\"reason_name\":\"UP主:JKAI杰凯\"},{\"reason_id\":2,\"reason_name\":\"分区:翻唱\"},{\"reason_id\":3,\"reason_name\":\"标签:翻唱\"},{\"reason_id\":1,\"reason_name\":\"不感兴趣\"}],\"ctime\":1635327015,\"autoplay\":1,\"mid\":7295246,\"name\":\"JKAI杰凯\",\"face\":\"http://i2.hdslb.com/bfs/face/0f1d960ca6baad6c0f008cba48dfc6ba17c2738d.jpg\",\"official\":{\"role\":1,\"title\":\"bilibili 知名音乐UP主\"}},{\"title\":\"哥谭噩梦给b站道歉视频\",\"cover\":\"https://i0.hdslb.com/bfs/archive/d314190e5c76c6b358fea3505920f8813532fd41.jpg\",\"uri\":\"bilibili://video/763790500\",\"param\":\"763790500\",\"goto\":\"av\",\"desc\":\"1106弹幕\",\"play\":1238864,\"danmaku\":1106,\"reply\":4737,\"favorite\":4452,\"coin\":9618,\"share\":1850,\"like\":70977,\"duration\":85,\"idx\":1635569337,\"cid\":430899199,\"tid\":138,\"tname\":\"搞笑\",\"tag\":{\"tag_id\":1833,\"tag_name\":\"搞笑\",\"count\":{\"atten\":2624413}},\"dislike_reasons\":[{\"reason_id\":4,\"reason_name\":\"UP主:哥谭噩梦赫然\"},{\"reason_id\":2,\"reason_name\":\"分区:搞笑\"},{\"reason_id\":3,\"reason_name\":\"标签:搞笑\"},{\"reason_id\":1,\"reason_name\":\"不感兴趣\"}],\"ctime\":1635169549,\"autoplay\":1,\"mid\":70421801,\"name\":\"哥谭噩梦赫然\",\"face\":\"http://i2.hdslb.com/bfs/face/9a1f04b16bd2d4ce36724e6682fa02ac47bbc08f.jpg\",\"official\":{\"role\":2,\"title\":\"哥谭噩梦赫然官方账号\"}},{\"title\":\"姜还是老的辣\",\"cover\":\"https://i1.hdslb.com/bfs/archive/71fd5df3a065749a9636f2f0a38a6b09c0926b08.jpg\",\"uri\":\"bilibili://video/933829745\",\"param\":\"933829745\",\"goto\":\"av\",\"desc\":\"791弹幕\",\"play\":1776040,\"danmaku\":791,\"reply\":713,\"favorite\":5105,\"coin\":16633,\"share\":3071,\"like\":88542,\"duration\":172,\"idx\":1635569336,\"cid\":430660722,\"tid\":138,\"tname\":\"搞笑\",\"tag\":{\"tag_id\":1833,\"tag_name\":\"搞笑\",\"count\":{\"atten\":2624413}},\"dislike_reasons\":[{\"reason_id\":4,\"reason_name\":\"UP主:你的鬼哥呀\"},{\"reason_id\":2,\"reason_name\":\"分区:搞笑\"},{\"reason_id\":3,\"reason_name\":\"标签:搞笑\"},{\"reason_id\":1,\"reason_name\":\"不感兴趣\"}],\"ctime\":1635143379,\"autoplay\":1,\"mid\":47236562,\"name\":\"你的鬼哥呀\",\"face\":\"http://i2.hdslb.com/bfs/face/afe2ddba10564c704c93bc9b2c3e2f9b0d381f22.jpg\",\"official\":{\"role\":2,\"title\":\"鬼哥官方账号，搞笑类视频自媒体\"}},{\"title\":\"【时光音乐会01】致敬经典【披着羊皮的狼】\",\"cover\":\"https://i1.hdslb.com/bfs/archive/06254fbdc59b7fc93666c441908ccdc63c5ff858.jpg\",\"uri\":\"bilibili://video/506315858\",\"param\":\"506315858\",\"goto\":\"av\",\"desc\":\"1143弹幕\",\"play\":138355,\"danmaku\":1143,\"reply\":1229,\"favorite\":3387,\"coin\":10537,\"share\":968,\"like\":24048,\"duration\":238,\"idx\":1635569335,\"cid\":432975403,\"tid\":29,\"tname\":\"音乐现场\",\"tag\":{\"tag_id\":389808,\"tag_name\":\"音乐现场\",\"count\":{\"atten\":83455}},\"dislike_reasons\":[{\"reason_id\":4,\"reason_name\":\"UP主:凤凰传奇\"},{\"reason_id\":2,\"reason_name\":\"分区:音乐现场\"},{\"reason_id\":3,\"reason_name\":\"标签:音乐现场\"},{\"reason_id\":1,\"reason_name\":\"不感兴趣\"}],\"ctime\":1635516300,\"autoplay\":1,\"mid\":1646036311,\"name\":\"凤凰传奇\",\"face\":\"http://i1.hdslb.com/bfs/face/f40e1f6f2ea9c00d7ea7bce05cbf21c9320c6c05.jpg\",\"official\":{\"role\":2,\"title\":\"音乐组合凤凰传奇官方账号\"}}]","noScrollBar":"n0","pageLimit":"n20","rankingType":"s0","reduceHeight":"n0"},"ts":1635569358267}