{"options":{"check_for_updates":true,"comment":null,"compat_foreach":false,"compat_metadata":false,"compat_prototypes":false,"compat_wrappedjsobject":false,"compatopts_for_requires":true,"noframes":null,"override":{"merge_connects":true,"merge_excludes":true,"merge_includes":true,"merge_matches":true,"orig_connects":["raw.githubusercontent.com","github.com","cdn.jsdelivr.net","cn.bing.com","www.bing.com","translate.google.cn","translate.google.com","localhost","*"],"orig_excludes":["*://api.bilibili.com/*","*://api.*.bilibili.com/*","*://*.bilibili.com/api/*","*://member.bilibili.com/studio/bs-editor/*","*://t.bilibili.com/h5/dynamic/specification","*://bbq.bilibili.com/*"],"orig_includes":[],"orig_matches":["*://*.bilibili.com/*"],"orig_noframes":null,"orig_run_at":"document-start","use_blockers":[],"use_connects":[],"use_excludes":[],"use_includes":[],"use_matches":[]},"run_at":null},"settings":{"enabled":true,"position":16},"meta":{"name":"Bilibili Evolved","uuid":"f7b94620-19f6-4d5d-8d57-c8967475602f","modified":1639992263177,"file_url":"https://cdn.jsdelivr.net/gh/the1812/Bilibili-Evolved@master/dist/bilibili-evolved.user.js"}}