{"data":{"CACHE":"o{\"AUTO_SEND_DANMU_TS\":[],\"AUTO_GROUP_SIGH_TS\":1635776608632,\"DailyReward_TS\":1635776588675,\"LiveReward_TS\":1635776587125,\"Silver2Coin_TS\":0,\"Coin2Sliver_TS\":0,\"Gift_TS\":0,\"GiftInterval_TS\":0,\"LittleHeart_TS\":0,\"MaterialObject_TS\":1635776646733,\"AnchorLottery_TS\":0,\"last_aid\":835,\"MedalDanmu_TS\":0,\"PlateActivity_TS\":0,\"ReserveActivity_TS\":0}","CONFIG":"o{\"AUTO_DANMU\":false,\"AUTO_GIFT\":false,\"AUTO_GIFT_ROOMID\":[\"0\"],\"AUTO_GROUP_SIGN\":true,\"ANCHOR_LOTTERY\":false,\"ANCHOR_AWPUSH\":false,\"ANCHOR_AUTO_DEL_FOLLOW\":false,\"ANCHOR_MAXROOM\":\"500\",\"ANCHOR_MAXLIVEROOM_SAVE\":\"100\",\"ANCHOR_CHECK_INTERVAL\":5,\"ANCHOR_IGNORE_BLACKLIST\":true,\"ANCHOR_IGNORE_PWDROOM\":true,\"ANCHOR_BLACKLIST_WORD\":[\"测试\",\"钓鱼\",\"炸鱼\",\"黑屋\",\"脚本\",\"空气\"],\"ANCHOR_INTERVAL\":350,\"ANCHOR_NEED_GOLD\":0,\"ANCHOR_GOLD_JOIN_TIMES\":1,\"ANCHOR_WAIT_REPLY\":true,\"ANCHOR_UPLOAD_DATA\":false,\"ANCHOR_UPLOAD_DATA_INTERVAL\":10,\"ANCHOR_UPLOAD_MSG\":false,\"ANCHOR_UPLOAD_MSG_CONTENT\":\"\",\"ANCHOR_IGNORE_UPLOAD_MSG\":false,\"ANCHOR_UPLOAD_ROOMLIST\":false,\"ANCHOR_SERVER_APIKEY\":{\"32865013\":\"\"},\"ANCHOR_TYPE_SERVER\":false,\"ANCHOR_TYPE_POLLING\":true,\"ANCHOR_TYPE_LIVEROOM\":false,\"ANCHOR_TYPE_FOLLOWING\":false,\"ANCHOR_TYPE_CUSTOM\":false,\"ANCHOR_CUSTOM_ROOMLIST\":[],\"ANCHOR_GETDATA_ROOM\":\"22474988\",\"ANCHOR_IGNORE_ROOM\":true,\"ANCHOR_IGNORE_ROOMLIST\":[\"22647871\"],\"ANCHOR_PRIVATE_LETTER\":false,\"ANCHOR_LETTER_CONTENT\":\"UP我中天选了，请问怎么领奖[doge]\",\"ANCHOR_ADD_TO_WHITELIST\":false,\"ANCHOR_MOVETO_FOLLOW_TAG\":true,\"ANCHOR_MOVETO_PRIZE_TAG\":true,\"ANCHOR_DANMU\":false,\"ANCHOR_DANMU_CONTENT\":[\"我中啦！\",\"芜湖\"],\"ANCHOR_IGNORE_MONEY\":0,\"ANCHOR_MONEY_ONLY\":false,\"ANCHOR_FANS_CHECK\":false,\"ANCHOR_FANS_LEAST\":0,\"ANCHOR_IGNORE_AREA\":false,\"ANCHOR_IGNORE_AREA_LIST\":[\"学习\",\"大事件\"],\"ANCHOR_AUTO_BUY_LV1_MEDAL\":false,\"COIN\":false,\"COIN_NUMBER\":0,\"COIN_TYPE\":\"COIN_DYN\",\"COIN_UID\":[\"0\"],\"COIN2SILVER\":false,\"COIN2SILVER_NUM\":1,\"SECONDS_NOTICE\":false,\"SECONDS_QQ\":\"请输入你的QQ号\",\"DANMU_CONTENT\":[\"这是一条弹幕\"],\"DANMU_ROOMID\":[\"22474988\"],\"DANMU_INTERVAL_TIME\":[\"10m\"],\"DANMU_MODIFY_REGEX\":[\"/【/\"],\"DANMU_MODIFY_UID\":[0],\"DANMU_MODIFY_POOL\":[4],\"DANMU_MODIFY_COLOR\":[\"#f7335d\"],\"DANMU_MODIFY_SIZE\":[1.2],\"FORCE_LIGHT\":false,\"GIFT_LIMIT\":1,\"GIFT_SEND_HOUR\":23,\"GIFT_SEND_MINUTE\":59,\"GIFT_INTERVAL\":5,\"GIFT_METHOD\":\"GIFT_SEND_TIME\",\"GIFT_SORT\":\"GIFT_SORT_HIGH\",\"GIFT_ALLOW_TYPE\":[\"1\",\"6\",\"30607\"],\"GIFT_SEND_METHOD\":\"GIFT_SEND_BLACK\",\"GIFT_SEND_ROOM\":[\"0\"],\"GM_NOTICE\":false,\"IN_TIME_RELOAD_DISABLE\":false,\"LIVE_SIGN\":true,\"LOGIN\":true,\"LITTLE_HEART\":true,\"LIGHT_MEDALS\":[\"0\"],\"LIGHT_METHOD\":\"LIGHT_WHITE\",\"MEDAL_DANMU_ROOM\":[\"0\"],\"MEDAL_DANMU_METHOD\":\"MEDAL_DANMU_BLACK\",\"MEDAL_DANMU_INTERVAL\":2,\"MATERIAL_LOTTERY\":true,\"MATERIAL_LOTTERY_CHECK_INTERVAL\":60,\"MATERIAL_LOTTERY_IGNORE_QUESTIONABLE_LOTTERY\":true,\"MEDAL_DANMU\":false,\"MATERIAL_LOTTERY_REM\":10,\"MEDAL_DANMU_CONTENT\":[\"(⌒▽⌒)\",\"（￣▽￣）\",\"(=・ω・=)\",\"(｀・ω・´)\",\"(〜￣△￣)〜\",\"(･∀･)\",\"(°∀°)ﾉ\",\"(￣3￣)\",\"╮(￣▽￣)╭\",\"_(:3」∠)_\",\"(^・ω・^ )\",\"(●￣(ｴ)￣●)\",\"ε=ε=(ノ≧∇≦)ノ\",\"⁄(⁄ ⁄•⁄ω⁄•⁄ ⁄)⁄\",\"←◡←\"],\"PP_NOTICE\":false,\"PP_token\":\"token\",\"PLATE_ACTIVITY\":false,\"PLATE_ACTIVITY_CHECK_INTERVAL\":60,\"PLATE_ACTIVITY_GETTIMES_INTERVAL\":500,\"PLATE_ACTIVITY_LOTTERY_INTERVAL\":10,\"QUESTIONABLE_LOTTERY\":[\"test\",\"encrypt\",\"测试\",\"钓鱼\",\"加密\",\"炸鱼\",\"内网\",\"员工\",\"企业\",\"公司\",\"行政\",\"登记\"],\"REMOVE_ELEMENT_2233\":false,\"REMOVE_ELEMENT_pkBanner\":true,\"REMOVE_ELEMENT_rank\":true,\"REMOVE_ELEMENT_followSideBar\":false,\"REMOVE_ELEMENT_flipView\":true,\"REMOVE_ELEMENT_anchor\":false,\"REMOVE_ELEMENT_pk\":false,\"REMOVE_ELEMENT_playerIcon\":true,\"RND_DELAY_END\":5,\"RND_DELAY_START\":2,\"RESERVE_ACTIVITY\":false,\"RESERVE_ACTIVITY_INTERVAL\":2000,\"RESERVE_ACTIVITY_CHECK_INTERVAL\":60,\"RESERVE_ACTIVITY_IGNORE_BLACKLIST\":false,\"RESERVE_ACTIVITY_BLACKLIST_WORD\":[\"测试\",\"钓鱼\"],\"SEND_ALL_GIFT\":false,\"SHARE\":true,\"SILVER2COIN\":false,\"ServerTurbo_NOTICE\":false,\"ServerTurbo_SendKey\":\"SendKey\",\"SPARE_GIFT_ROOM\":\"0\",\"TIME_AREA_DISABLE\":true,\"TIME_AREA_END_H0UR\":8,\"TIME_AREA_END_MINUTE\":0,\"TIME_AREA_START_H0UR\":2,\"TIME_AREA_START_MINUTE\":0,\"TIME_RELOAD\":false,\"TIME_RELOAD_MINUTE\":120,\"UPDATE_TIP\":true,\"WATCH\":true}","GIFT_COUNT":"o{\"COUNT\":0,\"ANCHOR_COUNT\":0,\"MATERIAL_COUNT\":0,\"LITTLE_HEART_COUNT\":0,\"CLEAR_TS\":1635776578649}","SP_CONFIG":"o{\"showEula\":false,\"storageLastFixVersion\":\"5.7.9\",\"mainDisplay\":\"hide\",\"darkMode\":false,\"debugSwitch\":false,\"windowToast\":true,\"nosleep\":true,\"invisibleEnter\":false,\"banP2p\":false,\"lastShowUpdateMsgVersion\":\"5.7.9\",\"DANMU_MODIFY\":false,\"blockLiveStream\":false,\"blockliveDataUpdate\":false,\"wear_medal_before_danmu\":false,\"wear_medal_type\":\"ONLY_FIRST\"}","noticeJson":"o{\"version\":\"5.7.8.4\",\"anchor_blacklist_word\":[\"测试\",\"钓鱼\",\"炸鱼\",\"大航海\",\"上船\",\"舰长\",\"返现\",\"抵用\",\"代金\",\"黑屋\",\"上车\",\"上反船\",\"照片\",\"素颜\",\"自拍\",\"写真\",\"皂片\",\"开舰\",\"上舰\",\"自画像\",\"封面\",\"取关\",\"美照\",\"随机照\",\"女装照\",\"日常照\",\"好友\",\"给主播\",\"照骗\",\"连麦\",\"情书\",\"一局\",\"舰涨优惠卷\",\"一起玩\",\"开黑\",\"尖叫\",\"点歌\",\"总督\",\"提督\",\"胶囊\",\"壁纸\",\"吃席\",\"船长\",\"/^\\\\d+$/\",\"/写.*名字/\",\"/给.*美甲/\",\"陪打\",\"/带.*上.*星/\",\"猫片\",\"饮食分析\",\"情感解惑\",\"开舰\",\"开船\",\"兑舰\",\"兑船\",\"看号\"],\"anchor_ignore_roomlist\":[48443,58121,66634,74571,195958,256432,284165,295476,398166,785541,1065100,1154214,23030962],\"material_blacklist_word\":[\"test\",\"encrypt\",\"测试\",\"钓鱼\",\"加密\",\"炸鱼\",\"内网\",\"员工\",\"企业\",\"公司\",\"行政\",\"登记\",\"/^\\\\d+$/\"],\"reserve_blacklist_word\":[\"测试\",\"钓鱼\"],\"lastCheckUpdateTs\":1635776581776}"},"ts":1635776646733}