{"options":{"check_for_updates":true,"comment":null,"compat_foreach":false,"compat_metadata":false,"compat_prototypes":false,"compat_wrappedjsobject":false,"compatopts_for_requires":true,"noframes":null,"override":{"merge_connects":true,"merge_excludes":true,"merge_includes":true,"merge_matches":true,"orig_connects":["greasyfork.org","sleazyfork.org"],"orig_excludes":[],"orig_includes":["http*://greasyfork.org/*","http*://www.greasyfork.org/*","http*://sleazyfork.org/*","http*://www.sleazyfork.org/*"],"orig_matches":[],"orig_noframes":null,"orig_run_at":"document-idle","use_blockers":[],"use_connects":[],"use_excludes":[],"use_includes":[],"use_matches":[]},"run_at":null},"settings":{"enabled":true,"position":9},"meta":{"name":"Greasyfork Search with Sleazyfork Results include","uuid":"64be1ddd-5e81-4526-9376-1a8d2654bd1e","modified":1639979000634,"file_url":"https://greasyfork.org/scripts/23840-greasyfork-search-with-sleazyfork-results-include/code/Greasyfork%20Search%20with%20Sleazyfork%20Results%20include.user.js"}}