{"options":{"check_for_updates":true,"comment":null,"compat_foreach":false,"compat_metadata":false,"compat_prototypes":false,"compat_wrappedjsobject":false,"compatopts_for_requires":true,"noframes":null,"override":{"merge_connects":true,"merge_excludes":true,"merge_includes":true,"merge_matches":true,"orig_connects":["nhentai.net","i.nhentai.net","json2jsonp.com","i0.mspcdn9.xyz"],"orig_excludes":[],"orig_includes":["/^https:\\/\\/([^\\/]*\\.)?(nya|dog|cat|bug|qq|fox|ee|yy)hentai[0-9]*\\./"],"orig_matches":["https://nhentai.net/*"],"orig_noframes":true,"orig_run_at":"document-end","use_blockers":[],"use_connects":[],"use_excludes":[],"use_includes":[],"use_matches":[]},"run_at":null},"settings":{"enabled":true,"position":36},"meta":{"name":"nHentai Helper","uuid":"7e44933f-2298-466d-9fa9-c8abb8a5d337","modified":1637389098473,"file_url":"https://sleazyfork.org/scripts/375992-nhentai-helper/code/nHentai%20Helper.user.js"}}