{"options":{"check_for_updates":true,"comment":null,"compat_foreach":false,"compat_metadata":false,"compat_prototypes":false,"compat_wrappedjsobject":false,"compatopts_for_requires":true,"noframes":null,"override":{"merge_connects":true,"merge_excludes":true,"merge_includes":true,"merge_matches":true,"orig_excludes":[],"orig_includes":["http*://www.pixiv.net*"],"orig_matches":["http://www.pixiv.net/"],"orig_noframes":true,"orig_run_at":"document-end","use_blockers":[],"use_connects":[],"use_excludes":[],"use_includes":[],"use_matches":[]},"run_at":null},"settings":{"enabled":true,"position":2},"meta":{"name":"Pixiv Plus","uuid":"4ab27d71-496b-497b-ae98-0d4d121d74ec","modified":1616212511632,"file_url":"https://greasyfork.org/scripts/34153-pixiv-plus/code/Pixiv%20Plus.user.js"}}