{"options":{"check_for_updates":true,"comment":null,"compat_foreach":false,"compat_metadata":false,"compat_prototypes":false,"compat_wrappedjsobject":false,"compatopts_for_requires":true,"noframes":null,"override":{"merge_connects":true,"merge_excludes":true,"merge_includes":true,"merge_matches":true,"orig_excludes":[],"orig_includes":[],"orig_matches":["http*://baike.baidu.com/picture/*","http*://baike.baidu.com/historypic/*","http*://baike.baidu.com/pic/*","http*://baike.baidu.com/picview/history/*"],"orig_noframes":null,"orig_run_at":"document-end","use_blockers":[],"use_connects":[],"use_excludes":[],"use_includes":[],"use_matches":[]},"run_at":null},"settings":{"enabled":true,"position":32},"meta":{"name":"百度百科 无水印图片查看","uuid":"99a227ad-1c0d-40db-b7bd-c45a189e368c","modified":1626948024510,"file_url":"https://greasyfork.org/scripts/16607-%E7%99%BE%E5%BA%A6%E7%99%BE%E7%A7%91-%E6%97%A0%E6%B0%B4%E5%8D%B0%E5%9B%BE%E7%89%87%E6%9F%A5%E7%9C%8B/code/%E7%99%BE%E5%BA%A6%E7%99%BE%E7%A7%91%20%E6%97%A0%E6%B0%B4%E5%8D%B0%E5%9B%BE%E7%89%87%E6%9F%A5%E7%9C%8B.user.js"}}