{"options":{"check_for_updates":true,"comment":null,"compat_foreach":false,"compat_metadata":false,"compat_prototypes":false,"compat_wrappedjsobject":false,"compatopts_for_requires":true,"noframes":null,"override":{"merge_connects":true,"merge_excludes":true,"merge_includes":true,"merge_matches":true,"orig_connects":[],"orig_excludes":[],"orig_includes":[],"orig_matches":["*://www.zhihu.com/*","*://zhuanlan.zhihu.com/*"],"orig_noframes":null,"orig_run_at":"document-start","use_blockers":[],"use_connects":[],"use_excludes":[],"use_includes":[],"use_matches":[]},"run_at":null},"settings":{"enabled":true,"position":25},"meta":{"name":"知乎美化","uuid":"f672b5c4-11f0-4117-8476-345df07f5700","modified":1637831422490,"file_url":"https://greasyfork.org/scripts/412212-%E7%9F%A5%E4%B9%8E%E7%BE%8E%E5%8C%96/code/%E7%9F%A5%E4%B9%8E%E7%BE%8E%E5%8C%96.user.js"}}