{"data":{"CatPW":"o{\"date\":\"2021/4/15\",\"sCode\":\"\",\"unPW\":\"\",\"Src\":\"https://pan.baidu.com/#bdlink=NjUwNjM1RUU1RjQ5ODJBRUQyRUE0OUM4MUM1MTBDNEQjMEM2QTMyMkNFMjgxNDc3QjU4MDU2NjU0NzJFNEVGNzIjMzM1OTkyNzk1I1JKMzIyODg1bXAzLnJhcgo=\",\"surl\":\"\",\"Hash\":\"#bdlink=NjUwNjM1RUU1RjQ5ODJBRUQyRUE0OUM4MUM1MTBDNEQjMEM2QTMyMkNFMjgxNDc3QjU4MDU2NjU0NzJFNEVGNzIjMzM1OTkyNzk1I1JKMzIyODg1bXAzLnJhcgo=\",\"webSrc\":\"https%3A%2F%2Fcangku.io%2Farchives%2F189032\",\"webTitle\":\"%5B%E9%A3%8E%E8%8A%B1%E9%9B%AA%E6%9C%88%E8%B5%84%E6%BA%90%E7%BB%84%5D%5B%E8%87%AA%E8%B4%AD%5D%5BRJ322885%5D%5B%E7%94%98%E8%BE%9B%E3%82%AE%E3%83%8D%E3%82%B3%E3%82%AF%E3%83%A9%E3%82%B7%E3%83%BC%5D%E9%AA%91%E5%A3%AB%E5%9B%A2%E9%95%BF%E6%98%AF%E6%88%91%E7%9A%84%E5%AD%95%E5%A6%BB%EF%BC%8C%E5%AF%B9%E5%A5%B9%E7%9A%84%E4%B8%8B%E6%B5%81%E8%82%89%E4%BD%93%E4%B8%BA%E6%89%80%E6%AC%B2%E4%B8%BA~CV%EF%BC%9A%E5%A4%A7%E5%B1%B1%E3%83%81%E3%83%AD%E3%83%AB%5B%E7%A7%92%E4%BC%A0%2FOD%5D%5B1.4G%5D%20-%20%E2%98%85%E7%BB%85%E5%A3%AB%E7%9A%84ACG%E8%B5%84%E6%BA%90%E5%88%86%E4%BA%AB%E7%A4%BE%E5%8C%BA%E2%98%85%20https%3A%2F%2Fcangku.io\"}","CatPW_Manage":"o{\"StorageSave\":true,\"UpdataConfig\":{\"UpdataSave\":false,\"UpdataNotify\":false,\"UpdataPlugin\":false,\"UpdataVersion\":\"3.18.22.1\",\"MessageUI\":false},\"StorageExp\":365}","msgControl":"bfalse"},"ts":1635406049190}