{"options":{"check_for_updates":true,"comment":null,"compat_foreach":false,"compat_metadata":false,"compat_prototypes":false,"compat_wrappedjsobject":false,"compatopts_for_requires":true,"noframes":null,"override":{"merge_connects":true,"merge_excludes":true,"merge_includes":true,"merge_matches":true,"orig_connects":[],"orig_excludes":[],"orig_includes":["*://www.bilibili.com/video/av*","*://www.bilibili.com/video/BV*","*://www.bilibili.com/bangumi/play/ep*","*://www.bilibili.com/bangumi/play/ss*","*://m.bilibili.com/bangumi/play/ep*","*://m.bilibili.com/bangumi/play/ss*","*://bangumi.bilibili.com/anime/*","*://bangumi.bilibili.com/movie/*","*://www.bilibili.com/bangumi/media/md*","*://www.bilibili.com/blackboard/html5player.html*","*://www.bilibili.com/watchroom/*","*://space.bilibili.com/*","https://www.mcbbs.net/template/mcbbs/image/special_photo_bg.png*"],"orig_matches":[],"orig_noframes":null,"orig_run_at":"document-start","use_blockers":[],"use_connects":[],"use_excludes":[],"use_includes":[],"use_matches":[]},"run_at":null},"settings":{"enabled":false,"position":3},"meta":{"name":"解除B站区域限制","uuid":"2a748bf5-8451-4270-9f2b-f83499746995","modified":1638195534265,"file_url":"https://greasyfork.org/scripts/25718-%E8%A7%A3%E9%99%A4b%E7%AB%99%E5%8C%BA%E5%9F%9F%E9%99%90%E5%88%B6/code/%E8%A7%A3%E9%99%A4B%E7%AB%99%E5%8C%BA%E5%9F%9F%E9%99%90%E5%88%B6.user.js"}}