{"data":{"Config":"s{\"isRedirectEnable\":true,\"isAdsEnable\":true,\"isBlockEnable\":false,\"isBlockDisplay\":false,\"isBlockBtnDisplay\":true,\"AdsStyleEnable\":false,\"AdsStyleMode_Baidu\":\"0\",\"AdsStyleMode_Google\":\"0\",\"AdsStyleMode_Bing\":\"0\",\"AdsStyleMode_SoGou\":\"0\",\"HuYan_Baidu\":false,\"HuYan_Google\":false,\"HuYan_Bing\":false,\"HuYan_SoGou\":false,\"Style_BaiduLite\":false,\"defaultHuYanColor\":\"#def1ef\",\"isUserColorEnable\":false,\"isFaviconEnable\":false,\"defaultFaviconUrl\":\"https://timgsa.baidu.com/timg?image&quality=80&size=b9999_10000&sec=1562216702562&di=bef0aeb22eb403f45feec5c193c47d85&imgtype=0&src=http%3A%2F%2Fcdn.onlinewebfonts.com%2Fsvg%2Fimg_99126.png\",\"doDisableSug\":false,\"isRightDisplayEnable\":false,\"isCounterEnable\":false,\"isALineEnable\":false,\"isUserStyleEnable\":false,\"isGooleInBaiduModeEnable\":false,\"UserBlockList\":[\"baijiahao.baidu.com\"],\"UserStyleText\":\"/**计数器的颜色样式*/\\ndiv .AC-CounterT{\\n  background: #FD9999;\\n}\\n/**右侧栏的样式-其实不开启更好看一些*/\\n#content_right{\\n  padding: 20px 15px 15px;\\n  border-radius: 5px;\\n  background-color: #fff;\\n  box-sizing: border-box;\\n  box-shadow: 0 0 20px 2px rgba(0, 0, 0, .1);\\n  -webkit-box-shadow: 0 0 20px 2px rgba(0, 0, 0, .1);\\n  -moz-box-shadow: 0 0 20px 2px rgba(0, 0, 0, .1);\\n}\\nbody[baidu] {\\n  position: relative;\\n}\\nbody[baidu]:before {\\n  position: fixed;\\n  width: 100%;\\n  height: 100%;\\n  top: 0;\\n  left: 0;\\n  content: '';\\n  background-image: url('https://img.tujidu.com/image/5fdde8468423e.jpg');\\n  background-size: 100% auto;\\n  opacity: 1; /*背景图透明度=0.8，最大1*/\\n}\\n/**隐藏首页的大图标-修复可能导致外援样式异常**/\\nbody[baidu] #s_lg_img_new{\\n  display:none !important;\\n}\\nbody[baidu] .c-container{\\n  border-radius: 5px;\\n  background-color: rgba(255,255,255, 0.3) !important; /*百度搜索块体的颜色；透明度=0.1，最大1*/\\n}\\nbody[baidu] .c-container h3{\\n  background-color: rgba(248,248,248, 0.3) !important; /*百度搜索块体 - 标题的颜色；透明度=0.1，最大1*/\\n}\",\"oldVersion\":\"25.01\",\"lastSaveTime\":1639295984293,\"isEnLang\":true,\"isAutopage\":false,\"isBlockBtnNotDisplay\":false,\"baidu\":{\"name\":\"baidu\",\"AdsStyleMode\":\"0\",\"HuYanMode\":false},\"google\":{\"name\":\"google\",\"AdsStyleMode\":\"0\",\"HuYanMode\":false},\"bing\":{\"name\":\"bing\",\"AdsStyleMode\":\"0\",\"HuYanMode\":false},\"duck\":{\"name\":\"duck\",\"AdsStyleMode\":\"0\",\"HuYanMode\":false},\"doge\":{\"name\":\"doge\",\"AdsStyleMode\":\"0\",\"HuYanMode\":false},\"sogou\":{\"name\":\"sogou\",\"AdsStyleMode\":\"1\",\"HuYanMode\":false},\"normalizeDuck\":true,\"zhihu\":{\"name\":\"zhihu\",\"AdsStyleMode\":\"0\",\"HuYanMode\":false},\"other\":{\"name\":\"other\",\"AdsStyleMode\":\"0\",\"HuYanMode\":false},\"acceptLicense\":true}"},"ts":1640185622556}