{"options":{"check_for_updates":true,"comment":null,"compat_foreach":false,"compat_metadata":false,"compat_prototypes":false,"compat_wrappedjsobject":false,"compatopts_for_requires":true,"noframes":null,"override":{"merge_connects":true,"merge_excludes":true,"merge_includes":true,"merge_matches":true,"orig_excludes":[],"orig_includes":[],"orig_matches":["https://*.anime1.me/*"],"orig_noframes":null,"orig_run_at":"document-start","use_blockers":[],"use_connects":[],"use_excludes":[],"use_includes":[],"use_matches":[]},"run_at":null},"settings":{"enabled":true,"position":30},"meta":{"name":"Anime1 Wide","uuid":"2e7b6bff-97ca-4e4a-9fa4-d4ae2e09e9df","modified":1626675573968,"file_url":"https://greasyfork.org/scripts/395538-anime1-wide/code/Anime1%20Wide.user.js"}}