{"options":{"check_for_updates":true,"comment":null,"compat_foreach":false,"compat_metadata":false,"compat_prototypes":false,"compat_wrappedjsobject":false,"compatopts_for_requires":true,"noframes":null,"override":{"merge_connects":true,"merge_excludes":true,"merge_includes":true,"merge_matches":true,"orig_excludes":[],"orig_includes":["*www.baidu.com*","*tieba.baidu.com*","*v.baidu.com*","*xueshu.baidu.com*","*www.google.*","*docs.google.*","*mail.google.*","*play.google.*","*youtube.com/watch?v=*","*youtube.com/channel/*","*encrypted.google.com*","*www.so.com*","*www.zhihu.com*","*daily.zhihu.com*","*zhuanlan.zhihu.com*","*weibo.com*","*twitter.com*","*www.sogou.com*","*juejin.im*","*juejin.cn*","*mail.qq.com*","*addons.mozilla.org*","*www.jianshu.com*","*www.douban.com*","*getpocket.com*","*www.dogedoge.com*","*51.ruyo.net*","*steamcommunity.com*","*mijisou.com*","*blog.csdn.net*","*.oschina.net*","*app.yinxiang.com*"],"orig_matches":[],"orig_noframes":null,"orig_run_at":"document-start","use_blockers":["*"],"use_connects":["fanyi.baidu.com","www.onlinedown.net","www.cnblogs.com","download.csdn.net","www.imooc.com","gitee.com","github.com"],"use_excludes":[],"use_includes":[],"use_matches":[]},"run_at":null},"settings":{"enabled":true,"position":23},"meta":{"name":"anti-redirect","uuid":"fbd24013-3acd-4525-a840-433fa51924cb","modified":1635406079022,"file_url":"https://greasyfork.org/en/scripts/24082/code/script.user.js"}}