{"options":{"check_for_updates":true,"comment":null,"compat_foreach":false,"compat_metadata":false,"compat_prototypes":false,"compat_wrappedjsobject":false,"compatopts_for_requires":true,"noframes":null,"override":{"merge_connects":true,"merge_excludes":true,"merge_includes":true,"merge_matches":true,"orig_excludes":[],"orig_includes":["/https?:\\/\\/live\\.bilibili\\.com\\/[blanc\\/]?[^?]*?\\d+\\??.*/"],"orig_matches":[],"orig_noframes":null,"orig_run_at":"document-start","use_blockers":[],"use_connects":[],"use_excludes":[],"use_includes":[],"use_matches":[]},"run_at":null},"settings":{"enabled":false,"position":34},"meta":{"name":"B站直播间挂机助手","uuid":"881a1871-1536-4653-8cc5-9c81e0abf7e2","modified":1638506319786,"file_url":"https://greasyfork.org/scripts/406048-b%E7%AB%99%E7%9B%B4%E6%92%AD%E9%97%B4%E6%8C%82%E6%9C%BA%E5%8A%A9%E6%89%8B/code/B%E7%AB%99%E7%9B%B4%E6%92%AD%E9%97%B4%E6%8C%82%E6%9C%BA%E5%8A%A9%E6%89%8B.user.js"}}