{"options":{"check_for_updates":true,"comment":null,"compat_foreach":false,"compat_metadata":false,"compat_prototypes":false,"compat_wrappedjsobject":false,"compatopts_for_requires":true,"noframes":null,"override":{"merge_connects":true,"merge_excludes":true,"merge_includes":true,"merge_matches":true,"orig_excludes":["*www.w3school.com.cn*"],"orig_includes":["*"],"orig_matches":[],"orig_noframes":null,"orig_run_at":"document-end","use_blockers":[],"use_connects":[],"use_excludes":[],"use_includes":[],"use_matches":[]},"run_at":null},"settings":{"enabled":true,"position":33},"meta":{"name":"Maximize Video","uuid":"ecfe63d7-2045-4c8c-a454-6a0a69605a84","modified":1626948110187,"file_url":"https://greasyfork.org/scripts/4870-maximize-video/code/Maximize%20Video.user.js"}}