{"options":{"check_for_updates":true,"comment":null,"compat_foreach":false,"compat_metadata":false,"compat_prototypes":false,"compat_wrappedjsobject":false,"compatopts_for_requires":true,"noframes":null,"override":{"merge_connects":true,"merge_excludes":true,"merge_includes":true,"merge_matches":true,"orig_excludes":[],"orig_includes":[],"orig_matches":["https://pan.baidu.com/disk/home*","https://yun.baidu.com/disk/home*"],"orig_noframes":null,"orig_run_at":"document-start","use_blockers":[],"use_connects":[],"use_excludes":[],"use_includes":[],"use_matches":[]},"run_at":null},"settings":{"enabled":true,"position":20},"meta":{"name":"仓库用度盘投稿助手","uuid":"443342b5-08d0-47f6-a9f6-83349771e666","modified":1624506403730,"file_url":"https://greasyfork.org/scripts/3285-%E4%BB%93%E5%BA%93%E7%94%A8%E5%BA%A6%E7%9B%98%E6%8A%95%E7%A8%BF%E5%8A%A9%E6%89%8B/code/%E4%BB%93%E5%BA%93%E7%94%A8%E5%BA%A6%E7%9B%98%E6%8A%95%E7%A8%BF%E5%8A%A9%E6%89%8B.user.js"}}