{"options":{"check_for_updates":true,"comment":null,"compat_foreach":false,"compat_metadata":false,"compat_prototypes":false,"compat_wrappedjsobject":false,"compatopts_for_requires":true,"noframes":null,"override":{"merge_connects":true,"merge_excludes":true,"merge_includes":true,"merge_matches":true,"orig_excludes":[],"orig_includes":[],"orig_matches":["http*://manhua.dmzj.com/*","http*://manhua.dmzj1.com/*","http*://i.dmzj.com/subscribe*","http*://i.dmzj1.com/subscribe*"],"orig_noframes":true,"orig_run_at":"document-end","use_blockers":[],"use_connects":["imgsmall.dmzj.com","v2.api.dmzj.com","user.dmzj.com","dmzj.com","v3api.dmzj1.com","user.dmzj1.com"],"use_excludes":[],"use_includes":[],"use_matches":[]},"run_at":null},"settings":{"enabled":true,"position":1},"meta":{"name":"动漫之家助手","uuid":"d7946134-be95-4ced-8e0b-6b0f9ef2ceab","modified":1609583868225,"file_url":"https://greasyfork.org/scripts/33087-%E5%8A%A8%E6%BC%AB%E4%B9%8B%E5%AE%B6%E5%8A%A9%E6%89%8B/code/%E5%8A%A8%E6%BC%AB%E4%B9%8B%E5%AE%B6%E5%8A%A9%E6%89%8B.user.js"}}