{"options":{"check_for_updates":true,"comment":null,"compatopts_for_requires":true,"compat_wrappedjsobject":false,"compat_metadata":false,"compat_foreach":false,"compat_prototypes":false,"noframes":null,"run_at":null,"override":{"merge_connects":true,"merge_excludes":true,"merge_includes":true,"merge_matches":true,"orig_excludes":[],"orig_includes":[],"orig_matches":["*://www.zhihu.com/*","*://zhuanlan.zhihu.com/*"],"orig_noframes":null,"orig_run_at":"document-end","use_blockers":[],"use_connects":[],"use_excludes":[],"use_includes":[],"use_matches":[],"orig_connects":[]}},"settings":{"enabled":false,"position":24},"meta":{"name":"知乎增强","uuid":"22f3d97f-d4b5-4259-b127-aeeafa59362c","modified":1640313885945,"file_url":"https://greasyfork.org/scripts/419081-%E7%9F%A5%E4%B9%8E%E5%A2%9E%E5%BC%BA/code/%E7%9F%A5%E4%B9%8E%E5%A2%9E%E5%BC%BA.user.js"}}