{"options":{"check_for_updates":true,"comment":null,"compat_foreach":false,"compat_metadata":false,"compat_prototypes":false,"compat_wrappedjsobject":false,"compatopts_for_requires":true,"noframes":null,"override":{"merge_connects":true,"merge_excludes":true,"merge_includes":true,"merge_matches":true,"orig_excludes":[],"orig_includes":[],"orig_matches":["*://blog.reimu.net/*","https://blog.reimu.net/?password-protected=login*","*://pan.baidu.com/share/init?*","*://yun.baidu.com/share/init?*","*://*.hacg.li/*","*://*.hacg.fi/*","*://*.hacg.lol/*","*://*.hacg.red/*","*://sexacg.com/*","*://bbs.holyo.org/*","*://www.acg.tf/*","*://www.tianshit.com/*","*://www.mygalgame.com/*","*://www.hacg.wiki/*","*://www.llss.me/*","*://www.llss.fun/*","*://www.liuli.pw/*","*://www.liuli.eu/*","*://www.liuli.in/*","*://www.liuli.uk/*","*://www.liuli.se/*","*://www.liuli.pl/*","*://www.liuli.app/*","*://www.liuli.cat/*","*://www.hacg.cat/*","*://*.hacg.tw/*","*://*.hacg.ch/*","*://*.hacg5.me/*","*://*.hacg.it/*","*://*.hacg.la/*","*://*.llss.tw/*","*://*.hacg.site/*"],"orig_noframes":null,"orig_run_at":"document-idle","use_blockers":[],"use_connects":[],"use_excludes":[],"use_includes":[],"use_matches":[]},"run_at":null},"settings":{"enabled":true,"position":14},"meta":{"name":"老司机传说","uuid":"bb57e4a8-df84-4275-940c-63c6ceb56bd5","modified":1635406076227,"file_url":"https://greasyfork.org/zh-CN/scripts/22747/code/script.user.js"}}