{"options":{"check_for_updates":true,"comment":null,"compat_foreach":false,"compat_metadata":false,"compat_prototypes":false,"compat_wrappedjsobject":false,"compatopts_for_requires":true,"noframes":null,"override":{"merge_connects":true,"merge_excludes":true,"merge_includes":true,"merge_matches":true,"orig_excludes":[],"orig_includes":[],"orig_matches":["*blog.csdn.net/*","*bbs.csdn.net/*","*download.csdn.net/download/*/*","*www.doc88.com/*","*wenku.baidu.com/view/*","*zhidao.baidu.com/question*","*www.ipaperclip.net/doku.php?id=*","*wap.peopleapp.com/article/*","*ishare.ifeng.com/c/s/*","*www.ximalaya.com/*","*www.awesomes.cn/*","*www.imooc.com/article/*","*www.zhihu.com/question/*","*www.bandbbs.cn/*","*www.cnbeta.com/*","*www.chinaz.com/*","*www.douban.com/note/*"],"orig_noframes":null,"orig_run_at":"document-idle","use_blockers":[],"use_connects":[],"use_excludes":[],"use_includes":[],"use_matches":[]},"run_at":null},"settings":{"enabled":true,"position":26},"meta":{"name":"自动展开豆瓣、站长之家、米坛、cnbeta、知乎、慕课网、Awesomes、喜马拉雅、CSDN博客、CSDN下载、道客88、百度文库、百度知道、回形针、人民日报客户端、凤凰网页面的隐藏内容","uuid":"4148e6b3-6f99-4631-b9ae-4cf9138b74ea","modified":1619615704449,"file_url":"https://greasyfork.org/en/scripts/397933/code/script.user.js"}}