{"options":{"check_for_updates":true,"comment":null,"compat_foreach":false,"compat_metadata":false,"compat_prototypes":false,"compat_wrappedjsobject":false,"compatopts_for_requires":true,"noframes":null,"override":{"merge_connects":true,"merge_excludes":true,"merge_includes":true,"merge_matches":true,"orig_excludes":[],"orig_includes":[],"orig_matches":["https://manhua.dmzj.com/*","http://manhua.dmzj.com/*"],"orig_noframes":null,"orig_run_at":"document-idle","use_blockers":[],"use_connects":[],"use_excludes":[],"use_includes":[],"use_matches":[]},"run_at":null},"settings":{"enabled":true,"position":11},"meta":{"name":"解除DMZJ部分漫画的屏蔽","uuid":"e525421c-55bb-4d16-b875-3850a23f4f97","modified":1609583868274,"file_url":"https://greasyfork.org/zh-CN/scripts/382181/code/script.user.js"}}